review_text,rating,review_date,platform,reviewer_name,reviewer_role,product_name,review_url
"BambooHR has been a game-changer for our small HR team. The employee self-service portal saves us hours every week. Onboarding new hires is seamless now.",5,2025-04-12,G2,Sarah Mitchell,HR Manager,BambooHR,https://example.com/review/1
"The UI is clean and intuitive but the reporting module is severely lacking. We can't build custom reports without exporting to Excel first. For the price we pay this is unacceptable.",2,2025-05-18,Capterra,James Thornton,VP of People,BambooHR,https://example.com/review/2
"Solid HRIS for mid-market companies. Time-off tracking and org charts work great. We switched from spreadsheets and the difference is night and day.",4,2025-06-03,TrustRadius,Maria Garcia,HR Director,BambooHR,https://example.com/review/3
"BambooHR's customer support has gone downhill. Response times went from hours to days. We're actively evaluating Rippling as a replacement.",2,2025-07-22,G2,Kevin Park,HR Operations Lead,BambooHR,https://example.com/review/4
"We love the applicant tracking system integration. However the performance reviews module feels like an afterthought compared to dedicated performance platforms.",3,2025-08-14,Capterra,Lisa Chen,Talent Acquisition Manager,BambooHR,https://example.com/review/5
"Perfect for companies under 200 employees. Once we crossed that threshold the system started showing its limitations in workflow automation and approvals.",3,2025-09-01,G2,Robert Williams,COO,BambooHR,https://example.com/review/6
"BambooHR's mobile app is excellent. Our field employees can request PTO and view pay stubs without calling HR. Implementation took only 3 weeks.",5,2025-10-19,TrustRadius,Amanda Foster,HR Coordinator,BambooHR,https://example.com/review/7
"The benefits administration module is too basic. We had to keep our separate benefits broker portal running alongside BambooHR which defeats the purpose.",2,2025-11-05,Capterra,David Kim,Benefits Manager,BambooHR,https://example.com/review/8
"We evaluated BambooHR Workday and Rippling. BambooHR won on ease of use but we worry about outgrowing it. The analytics dashboard needs serious improvement.",3,2025-12-11,G2,Emily Rodriguez,CHRO,BambooHR,https://example.com/review/9
"Great for core HR but lacks the payroll depth we need. We run BambooHR alongside Gusto for payroll which is redundant and expensive.",3,2026-01-07,TrustRadius,Michael Brown,Finance Director,BambooHR,https://example.com/review/10
"The document management and e-signatures are solid. Employee satisfaction surveys are a nice bonus. Would give 5 stars but the API is limited.",4,2025-04-28,G2,Jennifer Lopez,People Ops Manager,BambooHR,https://example.com/review/11
"BambooHR keeps raising prices without adding proportional value. We're paying 40% more than 2 years ago and the product hasn't changed much.",2,2025-06-15,Capterra,Andrew Taylor,CFO,BambooHR,https://example.com/review/12
"Onboarding workflows are the best feature. New hire paperwork that used to take 3 days now happens before day one. The preboarding experience is excellent.",5,2025-08-02,TrustRadius,Rachel Adams,HR Business Partner,BambooHR,https://example.com/review/13
"Simple and reliable for a 75-person company. Not flashy but it gets the job done. The employee directory with org chart is everyone's favorite feature.",4,2025-09-20,G2,Thomas Wright,Office Manager,BambooHR,https://example.com/review/14
"After 3 years on BambooHR we're migrating to Workday. BambooHR can't handle our multi-entity multi-currency needs as we expanded internationally.",2,2025-11-30,Capterra,Sophia Nakamura,Global HR Director,BambooHR,https://example.com/review/15
"The training tracking feature is underrated. We use it for compliance certifications and it's saved us from multiple audit headaches.",4,2025-05-09,TrustRadius,Daniel Harris,Compliance Manager,BambooHR,https://example.com/review/16
"BambooHR's ATS is decent for small companies but falls apart with high-volume recruiting. We do 50+ hires per month and the pipeline management can't keep up.",3,2025-07-14,G2,Nicole Stewart,Recruiting Director,BambooHR,https://example.com/review/17
"Love the culture features - employee recognition and satisfaction scores. These help us stay ahead of engagement issues before they become attrition problems.",5,2025-10-03,Capterra,Chris Martinez,Chief People Officer,BambooHR,https://example.com/review/18
"The integration marketplace is growing but still missing some key connectors. We need native Slack and Microsoft Teams integration not just Zapier workarounds.",3,2025-12-22,G2,Sandra Lee,IT Director,BambooHR,https://example.com/review/19
"BambooHR handles our core HR needs well but I wish they invested more in analytics. Compared to what Workday offers in people analytics BambooHR feels a generation behind.",3,2026-02-14,TrustRadius,Patrick O'Brien,People Analytics Lead,BambooHR,https://example.com/review/20
"We use BambooHR for PTO tracking and it's flawless. The calendar view showing team availability has reduced scheduling conflicts dramatically.",4,2025-04-05,Capterra,Katie Johnson,Team Lead,BambooHR,https://example.com/review/21
"Implementation was smooth but data migration from our old system took longer than promised. Once running the day-to-day experience is great.",4,2025-06-28,G2,Brian Anderson,HR Generalist,BambooHR,https://example.com/review/22
"Decent mid-market HRIS. Not trying to be everything to everyone which is refreshing. Focus on core HR and they do it well.",4,2025-08-17,TrustRadius,Lauren Davis,HR Manager,BambooHR,https://example.com/review/23
"BambooHR's employee self-service reduced HR tickets by 60%. Staff can update their own info access documents and request time off independently.",5,2025-10-25,G2,Mark Thompson,HR Director,BambooHR,https://example.com/review/24
"The pricing model is confusing. Per-employee costs add up fast and some features we consider basic are only in the higher tier.",2,2025-12-09,Capterra,Angela Wilson,Startup Founder,BambooHR,https://example.com/review/25
"BambooHR does what it promises. No surprises no hidden complexity. For a 120-person company this is exactly the right tool.",4,2026-01-18,TrustRadius,Steven Clark,VP Operations,BambooHR,https://example.com/review/26
"We needed more advanced compensation management and BambooHR fell short. The comp planning tools are too simplistic for our leveling framework.",2,2025-05-22,G2,Megan Turner,Total Rewards Manager,BambooHR,https://example.com/review/27
"BambooHR's customer success team during implementation was fantastic. They helped us configure everything and train our team. Post-implementation support is another story.",3,2025-09-14,Capterra,Ryan Murphy,HR Technology Manager,BambooHR,https://example.com/review/28
"We run BambooHR for 85 employees across 3 offices. The centralized employee database with role-based access is exactly what we needed to replace our Google Sheets mess.",5,2025-11-08,TrustRadius,Diane Brooks,Operations Director,BambooHR,https://example.com/review/29
"Adequate but uninspiring. BambooHR does the basics fine but hasn't innovated in years. Meanwhile competitors like Rippling are leapfrogging them with automation features.",3,2026-02-01,G2,Jason Edwards,HR VP,BambooHR,https://example.com/review/30
"Workday HCM transformed how we manage our 5000-person workforce. The unified finance and HR data model is powerful for strategic planning and headcount budgeting.",5,2025-04-15,G2,Catherine Reynolds,CHRO,Workday,https://example.com/review/31
"Workday is incredibly powerful but the implementation was an 18-month nightmare. Budget overran by 200% and we needed 3 dedicated consultants the entire time.",2,2025-05-27,Capterra,Richard Stevens,CTO,Workday,https://example.com/review/32
"The reporting and analytics in Workday are best-in-class. People analytics dashboards give us insights we never had before. Worth the complexity for large enterprises.",4,2025-06-19,TrustRadius,Michelle Wang,People Analytics Director,Workday,https://example.com/review/33
"We spent $2M implementing Workday and our end users still prefer the old system. The UI is not intuitive for non-HR employees. Training costs are ongoing.",2,2025-07-08,G2,Gregory Hall,VP of IT,Workday,https://example.com/review/34
"Workday Recruiting is solid but not as specialized as Greenhouse or Lever. If recruiting is your priority you might want a best-of-breed ATS alongside Workday.",3,2025-08-25,Capterra,Samantha Price,Talent Acquisition VP,Workday,https://example.com/review/35
"The Workday mobile experience is surprisingly good. Managers can approve requests review team data and run basic reports from their phones.",4,2025-09-12,TrustRadius,Timothy Fox,HR Manager,Workday,https://example.com/review/36
"Workday's security model is enterprise-grade. SOC 2 compliance role-based access and audit trails give us confidence for our regulated industry.",5,2025-10-04,G2,Karen Mitchell,Information Security Director,Workday,https://example.com/review/37
"For a company our size (300 employees) Workday is overkill. We're paying enterprise prices for features we'll never use. Should have gone with BambooHR or Rippling.",2,2025-11-16,Capterra,Brandon Cooper,HR Director,Workday,https://example.com/review/38
"The Workday Community forums and documentation are excellent. When we hit issues the community usually has the answer before support responds.",4,2025-12-03,TrustRadius,Victoria Nash,HRIS Analyst,Workday,https://example.com/review/39
"Workday Adaptive Planning integration with HCM is a game-changer for headcount planning and financial forecasting. No other platform does this as seamlessly.",5,2026-01-14,G2,Charles Bennett,CFO,Workday,https://example.com/review/40
"The bi-annual Workday updates break our custom configurations every time. We spend 6 weeks testing and fixing after each release. It's exhausting.",2,2025-04-22,Capterra,Diana Roberts,Workday Admin,Workday,https://example.com/review/41
"Compensation management in Workday is comprehensive. Merit cycles bonus calculations and equity management all in one place with full audit trail.",4,2025-06-09,TrustRadius,Paul Morrison,Total Rewards VP,Workday,https://example.com/review/42
"Workday's learning management module (Workday Learning) is mediocre compared to dedicated LMS platforms. We still run Cornerstone alongside it.",3,2025-07-30,G2,Nancy Thompson,L&D Director,Workday,https://example.com/review/43
"If you have 1000+ employees and need a unified HCM+Finance platform Workday is the gold standard. For smaller orgs look elsewhere.",4,2025-09-05,Capterra,William Davis,CEO,Workday,https://example.com/review/44
"Workday Prism Analytics gave us the ability to combine external benchmark data with internal HR metrics. Our board presentations have never been more data-driven.",5,2025-10-21,TrustRadius,Elizabeth Carter,VP People Analytics,Workday,https://example.com/review/45
"We switched to Workday from SAP SuccessFactors. Better user experience but the migration was painful. Six months in we're happy with the decision.",4,2025-11-28,G2,Christopher Lee,HRIS Director,Workday,https://example.com/review/46
"The Workday talent marketplace and career pathing features are helping us with internal mobility. Employees can see growth opportunities across the organization.",4,2025-12-19,Capterra,Stephanie Moore,Talent Management VP,Workday,https://example.com/review/47
"Workday's time tracking module doesn't handle complex shift patterns well. Our manufacturing teams need something more specialized for schedule management.",3,2026-01-25,TrustRadius,George Baker,Operations VP,Workday,https://example.com/review/48
"The Total Rewards statement in Workday is fantastic for employee retention. People can see their complete compensation picture including benefits equity and bonuses.",5,2025-05-14,G2,Janet Collins,Compensation Director,Workday,https://example.com/review/49
"Workday pricing is opaque and negotiations are difficult. Be prepared to pay consultant rates on top of licensing for any customization.",2,2025-08-06,Capterra,Frank Robinson,Procurement Director,Workday,https://example.com/review/50
"We use Workday for 3200 employees across 12 countries. The localization and compliance features for international payroll are unmatched.",5,2025-10-11,TrustRadius,Anne Sullivan,Global Payroll Director,Workday,https://example.com/review/51
"After evaluating Workday and UKG we chose Workday for its superior analytics. Three years later no regrets despite the higher total cost of ownership.",4,2025-12-05,G2,Howard Martin,CHRO,Workday,https://example.com/review/52
"Workday's succession planning tools helped us identify and develop our next generation of leaders. The 9-box grid with integrated talent data is very useful.",4,2026-01-30,Capterra,Margaret White,OD Director,Workday,https://example.com/review/53
"The Workday integration cloud (Studio) is powerful but requires developer-level skills. Not something an HR admin can configure without IT support.",3,2025-06-22,TrustRadius,Albert Young,Integration Architect,Workday,https://example.com/review/54
"Workday Peakon for engagement surveys integrates beautifully with the core HCM. Real-time pulse surveys with action planning built right into the manager dashboard.",5,2025-09-28,G2,Rebecca Turner,Employee Experience VP,Workday,https://example.com/review/55
"Honestly Workday is the enterprise HR platform that does everything adequately but nothing exceptionally. Jack of all trades master of none.",3,2025-11-07,Capterra,Donald Phillips,HR Technology VP,Workday,https://example.com/review/56
"For our global org the multi-currency multi-language support in Workday was essential. No other vendor could match the depth of localization.",4,2026-02-18,TrustRadius,Julia Scott,International HR Director,Workday,https://example.com/review/57
"Workday performance management lets us run continuous feedback 360 reviews and goal alignment all in one place. Managers actually use it which says a lot.",4,2025-05-03,G2,Peter Evans,Performance Management Lead,Workday,https://example.com/review/58
"We're trapped in Workday. The switching costs are astronomical once you're in. They know this and price renewals accordingly.",2,2025-07-19,Capterra,Laura Campbell,Director of HR,Workday,https://example.com/review/59
"Workday's absence management handles our complex PTO policies across states and countries. The accrual engine is highly configurable.",4,2025-09-15,TrustRadius,Roger Hill,HR Systems Manager,Workday,https://example.com/review/60
"Rippling is the most innovative HR platform we've evaluated. The unified employee system that connects HR IT and Finance is years ahead of the competition.",5,2025-04-08,G2,Olivia Jackson,VP of Operations,Rippling,https://example.com/review/61
"We switched from BambooHR to Rippling and the difference in automation is staggering. What took our HR team hours now happens automatically.",5,2025-05-20,Capterra,Nathan Reed,HR Director,Rippling,https://example.com/review/62
"Rippling's device management alongside HR is genius. Onboarding a new employee means their laptop apps and access are all provisioned automatically.",5,2025-06-14,TrustRadius,Hannah Perry,IT Manager,Rippling,https://example.com/review/63
"The platform is fast-moving which is both good and bad. New features constantly but sometimes they feel half-baked. The benefits module launched with bugs.",3,2025-07-28,G2,Tyler Brooks,Benefits Administrator,Rippling,https://example.com/review/64
"Rippling's global payroll covers 50+ countries. We consolidated three separate payroll vendors into one platform. The cost savings alone justified the switch.",4,2025-08-19,Capterra,Monica Sanders,Global Payroll Manager,Rippling,https://example.com/review/65
"For a tech company Rippling feels like it was built by people who understand our needs. The Slack integration automatic software provisioning and IT automation are unmatched.",5,2025-09-07,TrustRadius,Derek Foster,CTO,Rippling,https://example.com/review/66
"Rippling's customer support is hit or miss. When you get a good rep things move fast. But our dedicated CSM changed three times in one year.",3,2025-10-15,G2,Vanessa Cox,People Ops Lead,Rippling,https://example.com/review/67
"The expense management module is a nice addition. Employees submit receipts through the app and reimbursements flow through payroll automatically.",4,2025-11-22,Capterra,Ian Richardson,Finance Manager,Rippling,https://example.com/review/68
"We evaluated Rippling against Gusto for our 50-person startup. Rippling won on automation and IT management. Gusto was cheaper but more manual.",4,2025-12-08,TrustRadius,Chloe Barnes,Founder & CEO,Rippling,https://example.com/review/69
"Rippling's workflow automations are incredible. We built custom triggers for everything from compliance reminders to equipment ordering when someone changes roles.",5,2026-01-19,G2,Marcus Rivera,HR Technology Lead,Rippling,https://example.com/review/70
"The learning management system in Rippling is basic. We need something more robust for our compliance training requirements in healthcare.",2,2025-04-25,Capterra,Denise Walker,Compliance Director,Rippling,https://example.com/review/71
"Rippling's app management changed our IT game. When we offboard someone their access to all 30+ SaaS tools is revoked instantly. Security team loves it.",5,2025-06-07,TrustRadius,Adrian Hayes,Security Engineer,Rippling,https://example.com/review/72
"The headcount planning features in Rippling are surprisingly good for a platform that's not primarily HCM. Better than what BambooHR offers by far.",4,2025-07-16,G2,Grace Morgan,FP&A Manager,Rippling,https://example.com/review/73
"Rippling's implementation was fast - 4 weeks from kickoff to go-live for 200 employees. The data migration tools imported everything from our old HRIS cleanly.",4,2025-08-30,Capterra,Wesley Reed,HR Manager,Rippling,https://example.com/review/74
"The analytics and reporting are getting better but still behind Workday. For quick operational reports it's fine. For deep people analytics we supplement with Visier.",3,2025-10-02,TrustRadius,Felicia Long,People Analytics Manager,Rippling,https://example.com/review/75
"Rippling handles our multi-state payroll flawlessly. Tax filing compliance and W-2 generation are all automated. Saved us from needing a payroll specialist.",5,2025-11-14,G2,Jordan Howard,Controller,Rippling,https://example.com/review/76
"The time and attendance module needs work. Our hourly employees find the clock-in process clunky compared to dedicated time tracking tools.",2,2025-12-27,Capterra,Diana Torres,Operations Manager,Rippling,https://example.com/review/77
"We love that Rippling unifies identity management with HR. SSO SCIM and directory services built into the same platform as payroll and benefits.",5,2026-01-04,TrustRadius,Vincent Gray,IT Director,Rippling,https://example.com/review/78
"Rippling's PEO option was perfect for us before we were big enough for our own benefits. Seamless transition from PEO to our own plans as we grew.",4,2025-05-11,G2,Kelly Murphy,HR Generalist,Rippling,https://example.com/review/79
"Price went up significantly at renewal. They hook you with reasonable initial pricing then increase substantially. Still worth it for the automation though.",3,2025-07-05,Capterra,Simon Bailey,Finance Director,Rippling,https://example.com/review/80
"Rippling's compound system approach means every new module they add benefits from shared data. The inventory management for company devices integrates with onboarding beautifully.",4,2025-09-18,TrustRadius,Rebecca Simmons,Operations VP,Rippling,https://example.com/review/81
"We have 350 employees and Rippling scales well. The org chart workflow approvals and compensation bands all work smoothly at our size.",4,2025-11-03,G2,Troy Patterson,HR VP,Rippling,https://example.com/review/82
"Migrated from ADP to Rippling. The modern interface and automation capabilities make ADP feel like it was built in 2005. Our team is much happier.",4,2025-12-15,Capterra,Alicia Bell,Payroll Manager,Rippling,https://example.com/review/83
"Rippling's custom fields and workflows give us flexibility no other HRIS offers. We've built processes specific to our industry without any coding.",5,2026-02-08,TrustRadius,Calvin James,HR Systems Analyst,Rippling,https://example.com/review/84
"Performance reviews in Rippling are decent but not as mature as Lattice or 15Five. For a company focused on performance culture you'll want a dedicated tool.",3,2025-04-18,G2,Abigail Morris,OD Manager,Rippling,https://example.com/review/85
"The Rippling Unity platform is impressive conceptually. Having HR IT and Finance share the same employee graph means less data sync and fewer errors.",4,2025-06-30,Capterra,Isaac Powell,Data Engineer,Rippling,https://example.com/review/86
"Some features feel rushed to market. The recruiting module launched without basic interview scheduling capabilities. They fixed it but first impressions matter.",3,2025-08-12,TrustRadius,Natalie Ward,Recruiting Manager,Rippling,https://example.com/review/87
"Rippling's insurance broker integration is smooth. Benefits enrollment was the easiest we've ever run. Employees completed it in under 10 minutes each.",5,2025-10-28,G2,Oscar Reed,Benefits Coordinator,Rippling,https://example.com/review/88
"I worry about Rippling trying to do too much too fast. They're expanding into spend management and inventory. Focus on perfecting HR first.",3,2025-12-01,Capterra,Heather Cox,CHRO,Rippling,https://example.com/review/89
"Rippling's API is well-documented and responsive. We built custom integrations with our internal tools in days not weeks. Developer experience is excellent.",5,2026-02-20,TrustRadius,Luke Phillips,Software Engineer,Rippling,https://example.com/review/90
"Gusto is perfect for our 25-person startup. Payroll taxes benefits - all handled beautifully. The interface is so simple even our non-technical founders run payroll.",5,2025-04-03,G2,Emma Collins,Office Manager,Gusto,https://example.com/review/91
"We outgrew Gusto around 80 employees. The lack of advanced workflows approval chains and custom permissions became a bottleneck. Moving to Rippling.",2,2025-05-16,Capterra,Austin Fisher,HR Director,Gusto,https://example.com/review/92
"Gusto's payroll is absolutely flawless. Never had an error in 3 years. Tax filings are automatic and year-end W-2s are ready ahead of schedule.",5,2025-06-22,TrustRadius,Lindsay Graham,Bookkeeper,Gusto,https://example.com/review/93
"For the price Gusto is unbeatable for small businesses. We pay $40/mo base plus $6 per employee. The ROI compared to manual payroll processing is massive.",5,2025-07-11,G2,Ryan Cooper,Small Business Owner,Gusto,https://example.com/review/94
"Gusto's health insurance marketplace integration is great for small companies. We got competitive rates that we couldn't have accessed independently.",4,2025-08-05,Capterra,Meredith Stone,Operations Manager,Gusto,https://example.com/review/95
"The Gusto Wallet feature for employees is a nice perk. Cash advances against earned wages help our hourly workers with cash flow.",4,2025-09-19,TrustRadius,Jake Morrison,Restaurant Manager,Gusto,https://example.com/review/96
"Gusto's contractor payment handling is excellent. We have 20 contractors and managing their 1099s and payments is seamless. International contractor support was recently added.",4,2025-10-08,G2,Brittany Clark,Finance Manager,Gusto,https://example.com/review/97
"The HR features beyond payroll feel bolted on. Document storage org charts and onboarding are basic compared to BambooHR or Rippling.",3,2025-11-25,Capterra,Dylan Baker,HR Manager,Gusto,https://example.com/review/98
"Gusto's team communication features are lacking. No built-in announcements or company news feed. We use Slack for everything that Gusto should handle internally.",3,2025-12-14,TrustRadius,Ashley Martinez,Internal Comms Manager,Gusto,https://example.com/review/99
"For a simple clean payroll solution Gusto is my top recommendation. We switched from ADP and cut our payroll processing time by 75%.",5,2026-01-22,G2,Cameron Young,CEO,Gusto,https://example.com/review/100
"Gusto's customer support is responsive and helpful. Live chat gets answers in minutes not hours. They genuinely seem to care about small businesses.",5,2025-04-14,Capterra,Natasha Robinson,Admin Assistant,Gusto,https://example.com/review/101
"The performance review tools are extremely basic. Just a simple form with no calibration 9-box or development planning. Not suitable for companies focused on talent development.",2,2025-05-29,TrustRadius,Derek Adams,L&D Manager,Gusto,https://example.com/review/102
"Gusto's time tracking integration with payroll is great. Employees clock in through the app and hours flow directly into payroll calculation. Zero manual entry.",4,2025-07-03,G2,Kayla Wright,Payroll Coordinator,Gusto,https://example.com/review/103
"We tried using Gusto as our full HRIS and it's just not designed for that. It's a payroll platform with HR features not an HR platform with payroll.",3,2025-08-18,Capterra,Sean Mitchell,VP People,Gusto,https://example.com/review/104
"The state tax registration service saved us weeks of paperwork when we hired remote employees in new states. Gusto handles the filings automatically.",5,2025-09-27,TrustRadius,Anna Price,Legal Counsel,Gusto,https://example.com/review/105
"Gusto's benefits administration for small groups is surprisingly comprehensive. Dental vision 401k HSA - all managed in one place.",4,2025-10-30,G2,Jeremy Hayes,Benefits Admin,Gusto,https://example.com/review/106
"No multi-entity support is a dealbreaker for our holding company structure. We need separate EINs and Gusto forces everything into one entity.",1,2025-11-15,Capterra,Valerie Foster,Controller,Gusto,https://example.com/review/107
"The employee self-service portal is clean and easy to use. Pay stubs tax documents and benefits info are all accessible. Employees rarely ask HR for this info anymore.",4,2025-12-28,TrustRadius,Noah Russell,HR Generalist,Gusto,https://example.com/review/108
"Gusto recently added workforce costing reports which is helpful for budgeting. Still not as robust as what Workday offers but impressive for the price point.",4,2026-01-09,G2,Tiffany Ward,FP&A Analyst,Gusto,https://example.com/review/109
"The onboarding checklist in Gusto is functional but inflexible. Can't customize the flow based on department or role. Everyone gets the same generic experience.",3,2025-05-07,Capterra,Marcus Hughes,Onboarding Specialist,Gusto,https://example.com/review/110
"Gusto's compliance alerts are a lifesaver for small businesses without dedicated HR. They flag upcoming deadlines and regulatory changes proactively.",5,2025-06-24,TrustRadius,Jade Foster,Small Business Owner,Gusto,https://example.com/review/111
"Integration options are limited compared to larger platforms. We need a native integration with our recruiting tool and Gusto only offers it through a third-party connector.",2,2025-08-11,G2,Craig Butler,Recruiting Lead,Gusto,https://example.com/review/112
"For companies in California Gusto handles the complex state requirements expertly. Multi-jurisdiction tax withholding and reporting just works.",4,2025-09-05,Capterra,Stephanie Kim,Payroll Manager,Gusto,https://example.com/review/113
"The Gusto Plus plan has everything a 30-person company needs. We've been happy customers for 2 years with zero plans to switch.",5,2025-10-20,TrustRadius,Leo Martin,COO,Gusto,https://example.com/review/114
"Gusto's new hiring and onboarding tools are getting better but still can't compete with dedicated platforms. Fine for 5 hires per month - not for 50.",3,2025-12-06,G2,Erica Nelson,Talent Acquisition,Gusto,https://example.com/review/115
"I love the simplicity. Other platforms try to be everything. Gusto does payroll and benefits exceptionally well and that's what we need.",5,2026-01-28,Capterra,Oliver Bennett,Startup Founder,Gusto,https://example.com/review/116
"We compared Gusto with Namely for our 60-person company. Gusto won on payroll ease. Namely won on HR depth. Went with Gusto and supplement with other tools.",4,2025-05-21,TrustRadius,Paige Turner,HR Manager,Gusto,https://example.com/review/117
"The API is limited for custom integrations. We needed to push employee data to our learning platform and Gusto's API couldn't handle the custom fields.",2,2025-07-14,G2,Maxwell Chen,Integration Developer,Gusto,https://example.com/review/118
"Gusto handles garnishments and deductions correctly every single time. For a company with lots of court-ordered deductions this reliability is critical.",5,2025-08-29,Capterra,Dawn Mitchell,Payroll Specialist,Gusto,https://example.com/review/119
"Solid payroll platform that's growing into more. Not there yet as a full HRIS but the trajectory is promising. Keep an eye on Gusto if you're a small company.",4,2026-02-12,TrustRadius,Shawn Watson,HR Consultant,Gusto,https://example.com/review/120
"Namely promised us an all-in-one HR platform for mid-market and largely delivers. Payroll HR benefits and talent management in one system for our 250-person company.",4,2025-04-17,G2,Christine Powell,HR Director,Namely,https://example.com/review/121
"The implementation experience was rocky. Namely's team seemed understaffed and our project timeline slipped by 2 months. Once live the platform works well though.",3,2025-05-30,Capterra,Anthony Rice,HRIS Manager,Namely,https://example.com/review/122
"Namely's social news feed and company directory make it feel like a modern workplace tool not just boring HR software. Employee adoption has been excellent.",4,2025-06-18,TrustRadius,Bianca Torres,Internal Comms Director,Namely,https://example.com/review/123
"Performance management in Namely is good enough. Goal tracking continuous feedback and annual reviews all in one place. Not best-in-class but integrated which matters.",3,2025-07-24,G2,Philip Walker,OD Lead,Namely,https://example.com/review/124
"We've had recurring payroll calculation errors that took months to resolve. For a payroll platform this is the one thing that absolutely must work perfectly.",1,2025-08-09,Capterra,Gina Harris,Payroll Director,Namely,https://example.com/review/125
"Namely's benefits administration and open enrollment management are strong. The employee-facing benefits comparison tool helps people make informed choices.",4,2025-09-21,TrustRadius,Raymond Scott,Benefits Manager,Namely,https://example.com/review/126
"The platform feels dated compared to Rippling. Navigation is clunky and some pages take 5+ seconds to load. A UI refresh is overdue.",2,2025-10-13,G2,Wendy Coleman,HR Coordinator,Namely,https://example.com/review/127
"Namely handles our multi-state payroll well for a mid-market platform. Not as robust as Workday but we don't need Workday's complexity or price tag.",4,2025-11-19,Capterra,Russell Diaz,Finance Manager,Namely,https://example.com/review/128
"The customizable workflows for onboarding offboarding and role changes are one of Namely's best features. We've automated most of our HR processes.",4,2025-12-07,TrustRadius,Jade Henderson,People Ops Manager,Namely,https://example.com/review/129
"Namely's reporting engine improved significantly in the last year. Custom report builder with scheduling and automated distribution. Finally competitive with other platforms.",4,2026-01-15,G2,Martin Ross,People Analytics,Namely,https://example.com/review/130
"Customer support response times are inconsistent. Sometimes we get same-day resolution sometimes tickets sit for a week. No clear escalation path.",2,2025-04-29,Capterra,Pamela Flores,HR Manager,Namely,https://example.com/review/131
"We switched from Namely to BambooHR for simplicity. Namely had too many features we didn't use and the complexity wasn't worth it for our 80-person team.",2,2025-06-10,TrustRadius,Carl Stevens,COO,Namely,https://example.com/review/132
"Namely's managed payroll service takes the burden off our small HR team. They handle the complex calculations and filings while we focus on people.",5,2025-07-29,G2,Gloria Watson,HR Manager,Namely,https://example.com/review/133
"The time and attendance module is functional but basic. For companies with complex shift scheduling or project-based time tracking you'll want a supplement.",3,2025-08-20,Capterra,Curtis Phillips,Workforce Manager,Namely,https://example.com/review/134
"Namely's HRIS core is solid for mid-market. Employee records document management and organizational structure are all well-designed and easy to maintain.",4,2025-09-30,TrustRadius,Alice Montgomery,HR Business Partner,Namely,https://example.com/review/135
"We evaluated Namely Gusto and Rippling for our 150-person company. Namely offered the best balance of functionality and price for our specific needs.",4,2025-10-25,G2,Bruce Campbell,VP People,Namely,https://example.com/review/136
"The ACA compliance reporting in Namely saved us from significant penalties. Automatic 1094-C and 1095-C generation with real-time eligibility tracking.",5,2025-11-08,Capterra,Irene Davidson,Compliance Manager,Namely,https://example.com/review/137
"Namely's mobile app needs serious improvement. Half the features available on desktop aren't accessible on mobile. Remote workers find this frustrating.",2,2025-12-20,TrustRadius,Kirk Sanders,Remote Work Lead,Namely,https://example.com/review/138
"The employee self-service in Namely is comprehensive. PTO requests benefits changes personal info updates - all handled without HR intervention.",4,2026-01-03,G2,Sharon Butler,HR Generalist,Namely,https://example.com/review/139
"Namely acquired a learning management platform and the integration shows. The LMS feels disconnected from the core HR platform. Poor data sync between modules.",2,2025-05-08,Capterra,Wayne Peterson,Training Director,Namely,https://example.com/review/140
"We're a 200-employee nonprofit and Namely gave us nonprofit pricing. The platform handles our grant-funded position tracking and allocation reporting.",4,2025-06-26,TrustRadius,Rita Washington,Nonprofit HR Director,Namely,https://example.com/review/141
"Namely's compensation management tools are adequate. Not as powerful as dedicated comp platforms but having it integrated with the HRIS is convenient.",3,2025-08-14,G2,Stanley Morgan,Compensation Analyst,Namely,https://example.com/review/142
"The survey and engagement tools in Namely are a recent addition and it shows. Basic pulse surveys without the analytics depth that Culture Amp or Lattice offer.",3,2025-09-17,Capterra,Danielle Wright,Employee Engagement Lead,Namely,https://example.com/review/143
"API documentation is decent but the API itself has rate limiting issues. Our integration with Okta occasionally fails during large directory syncs.",3,2025-10-31,TrustRadius,Edgar Young,IT Administrator,Namely,https://example.com/review/144
"For mid-market companies that want one platform for everything Namely is a reasonable choice. Not the cheapest not the best at anything but solid across the board.",3,2025-12-13,G2,Frances Allen,HR VP,Namely,https://example.com/review/145
"Namely's open enrollment experience for employees is the best we've seen. Side-by-side plan comparison cost calculators and dependent management all in one flow.",5,2025-11-26,Capterra,Ivan Nguyen,Benefits Coordinator,Namely,https://example.com/review/146
"We were early Namely customers and the platform has matured significantly. Early bugs and reliability issues are mostly resolved. Much more stable now.",4,2026-01-20,TrustRadius,Teresa Grant,HRIS Director,Namely,https://example.com/review/147
"Namely's org chart visualization is one of the best I've used. Interactive filterable and always up-to-date with real HR data.",4,2025-05-15,G2,Vernon Howard,People Ops Analyst,Namely,https://example.com/review/148
"The talent acquisition module in Namely is too basic for serious recruiting operations. We still need Greenhouse for our interview pipeline management.",2,2025-07-07,Capterra,Diana Russell,Recruiting Director,Namely,https://example.com/review/149
"Namely does a good job bridging the gap between small-company tools like Gusto and enterprise platforms like Workday. Perfect for the 150-500 employee sweet spot.",4,2026-02-25,TrustRadius,Henry Adams,HR Consultant,Namely,https://example.com/review/150
